{
  "train_loss": [
    1.8183775243856717,
    1.6725379713356037,
    1.6082649517547138,
    1.5634860452788566,
    1.5420356403531321,
    1.5268018199964557,
    1.5177153916005284,
    1.509858769224123,
    1.5041615130651333,
    1.4990824396957827,
    1.4946307797566094,
    1.4915715422471771,
    1.487824086642936,
    1.4834514816703699,
    1.4792978473941383,
    1.4752342469247102,
    1.4714921972025996,
    1.4672364962985143,
    1.4640267081272877,
    1.459553514904988,
    1.4537031726763987,
    1.438015237183827,
    1.4001872893184653,
    1.3787350233863382,
    1.3671383473574352,
    1.3581825238664438,
    1.3521328127902488,
    1.3464252003623396,
    1.3416413885858052,
    1.3373431308799997,
    1.3294011211151358,
    1.291719607075157,
    1.246958852119153,
    1.22478797643081,
    1.2093000976021027,
    1.1981777108233909,
    1.1893176523315938,
    1.1812220461228315,
    1.1766444100138476,
    1.1716878587937416,
    1.1665963471088263,
    1.1631782496981609,
    1.1612238542503104,
    1.1575648580365778,
    1.1553620194535121,
    1.153582019269314,
    1.1516836366385146,
    1.1498936823261974,
    1.1477951457738267,
    1.1473422410238125
  ],
  "val_loss": [
    1.6720191895961762,
    1.6155678033828735,
    1.5495006561279296,
    1.5198461353778838,
    1.5058834552764893,
    1.5126292556524277,
    1.4946951270103455,
    1.4864614069461823,
    1.4810754835605622,
    1.4757957309484482,
    1.477544718980789,
    1.473329308629036,
    1.4661841958761215,
    1.4591410011053085,
    1.4739795327186584,
    1.4539066523313522,
    1.4540329903364182,
    1.438239985704422,
    1.4405696213245391,
    1.4279264062643051,
    1.4138979315757751,
    1.3717212706804276,
    1.3501782178878785,
    1.339072522521019,
    1.332582426071167,
    1.3237487524747849,
    1.3073562026023864,
    1.3061612397432327,
    1.3046542912721635,
    1.29585058093071,
    1.270960009098053,
    1.1969304651021957,
    1.1589995712041854,
    1.1513965666294097,
    1.1356749743223191,
    1.125916987657547,
    1.1228262424468993,
    1.1171584665775298,
    1.1154259949922563,
    1.1087788313627243,
    1.1067338466644288,
    1.1055728524923325,
    1.1019547671079635,
    1.1014486610889436,
    1.0996178984642029,
    1.099362501502037,
    1.1003173261880874,
    1.0982772618532182,
    1.0977915138006211,
    1.0985422432422638
  ],
  "val_accuracy": [
    0.0,
    0.0,
    0.0,
    0.0,
    0.0,
    0.0,
    0.0,
    0.0,
    0.0,
    0.0,
    0.0,
    0.0,
    0.0,
    0.0,
    0.0,
    0.0,
    0.0,
    0.0,
    0.0,
    0.0,
    0.0,
    0.0,
    0.0,
    0.0,
    0.0,
    0.0,
    0.0,
    0.0,
    0.0,
    0.0,
    0.0,
    0.0,
    0.0,
    0.0,
    0.0,
    0.0,
    0.0,
    0.0,
    0.0,
    0.0,
    0.0,
    0.0,
    0.0,
    0.0,
    0.0,
    0.0,
    0.0,
    0.0,
    0.0,
    0.0
  ],
  "answer_accuracy": [
    0.0,
    0.0,
    0.002,
    0.002,
    0.006,
    0.008,
    0.022,
    0.002,
    0.006,
    0.01,
    0.014,
    0.016,
    0.01,
    0.004,
    0.004,
    0.006,
    0.008,
    0.014,
    0.018,
    0.018,
    0.032,
    0.056,
    0.048,
    0.074,
    0.074,
    0.082,
    0.098,
    0.096,
    0.082,
    0.136,
    0.212,
    0.438,
    0.698,
    0.682,
    0.814,
    0.872,
    0.844,
    0.882,
    0.86,
    0.912,
    0.932,
    0.918,
    0.942,
    0.928,
    0.928,
    0.946,
    0.936,
    0.96,
    0.94,
    0.942
  ],
  "learning_rate": [
    0.0001,
    9.991120277927223e-05,
    9.964516155915151e-05,
    9.920292628279099e-05,
    9.85862422507884e-05,
    9.779754323328191e-05,
    9.683994186497131e-05,
    9.571721736097089e-05,
    9.443380060197386e-05,
    9.299475664759068e-05,
    9.140576474687264e-05,
    8.967309592491052e-05,
    8.780358823396352e-05,
    8.5804619766791e-05,
    8.368407953869104e-05,
    8.145033635316131e-05,
    7.911220577405486e-05,
    7.66789153345772e-05,
    7.416006812042828e-05,
    7.156560487081053e-05,
    6.890576474687264e-05,
    6.619104492241848e-05,
    6.343215915635763e-05,
    6.063999551039372e-05,
    5.7825573378819125e-05,
    5.5000000000000016e-05,
    5.217442662118091e-05,
    4.936000448960633e-05,
    4.6567840843642404e-05,
    4.380895507758155e-05,
    4.109423525312739e-05,
    3.843439512918952e-05,
    3.5839931879571745e-05,
    3.332108466542282e-05,
    3.0887794225945154e-05,
    2.8549663646838724e-05,
    2.6315920461308974e-05,
    2.4195380233209022e-05,
    2.2196411766036502e-05,
    2.03269040750895e-05,
    1.8594235253127378e-05,
    1.700524335240934e-05,
    1.5566199398026146e-05,
    1.4282782639029135e-05,
    1.3160058135028695e-05,
    1.2202456766718095e-05,
    1.1413757749211609e-05,
    1.0797073717209009e-05,
    1.0354838440848501e-05,
    1.0088797220727781e-05
  ]
}