{
  "train_loss": [
    2.0848475255624717,
    1.8206390496105185,
    1.7928803506714608,
    1.7537370630542335,
    1.712496909643988,
    1.6901413074234868,
    1.6745278643220283,
    1.6653327170540304,
    1.6563376721823613,
    1.6510097526223457,
    1.6467416987699621,
    1.6414834663386235,
    1.6389759294212323,
    1.6350104674658812,
    1.6332868944348582,
    1.6299122782314526,
    1.627599417705975,
    1.6253250697079826,
    1.6224890797949203,
    1.6184962368987101,
    1.6082535747371975,
    1.5884416353367175,
    1.575654152104312,
    1.5663858536259292,
    1.5583783400333142,
    1.5473904667607963,
    1.5303390044385514,
    1.5160437740023485,
    1.5028338124380087,
    1.4840566846720702,
    1.4676402734063776,
    1.4573227526891568,
    1.4495166308434724,
    1.4430576200070588,
    1.4377360932357477,
    1.4312849084434607,
    1.418539641153477,
    1.4051040395751329,
    1.3923450839489013,
    1.372346985980373,
    1.347486447800151,
    1.331691107786525,
    1.3229023074859854,
    1.3144827361606881,
    1.3093049029255157,
    1.3057986385072284,
    1.3009060163936956,
    1.29711514513206,
    1.294969870611225,
    1.2925498080070672
  ],
  "val_loss": [
    1.8223989367485047,
    1.7872096866369247,
    1.7518550366163255,
    1.6835895091295243,
    1.6627152115106583,
    1.651874977350235,
    1.6587708622217179,
    1.6337915271520616,
    1.6425719022750855,
    1.630629736185074,
    1.6272262662649155,
    1.6253804326057435,
    1.6238010764122008,
    1.6132270216941833,
    1.6339581996202468,
    1.615659672021866,
    1.6130246758460998,
    1.605212527513504,
    1.6079526603221894,
    1.6016934901475905,
    1.5687407553195953,
    1.5673434346914292,
    1.5433365881443024,
    1.5304405361413955,
    1.5200709134340287,
    1.4905909210443498,
    1.4778930485248565,
    1.464356791973114,
    1.444759088754654,
    1.4104186922311783,
    1.4031661301851273,
    1.398216661810875,
    1.3919953107833862,
    1.3893343150615691,
    1.38270343542099,
    1.3681460946798325,
    1.355078861117363,
    1.3329527139663697,
    1.3146199136972427,
    1.2742122560739517,
    1.252180168032646,
    1.2446325838565826,
    1.2382950693368913,
    1.2348740190267562,
    1.2326180011034011,
    1.2263103753328324,
    1.2256639063358308,
    1.2270640641450883,
    1.2208338767290114,
    1.219937837123871
  ],
  "val_accuracy": [
    0.0,
    0.0,
    0.0,
    0.0,
    0.0,
    0.0,
    0.0,
    0.0,
    0.0,
    0.0,
    0.0,
    0.0,
    0.0,
    0.0,
    0.0,
    0.0,
    0.0,
    0.0,
    0.0,
    0.0,
    0.0,
    0.0,
    0.0,
    0.0,
    0.0,
    0.0,
    0.0,
    0.0,
    0.0,
    0.0,
    0.0,
    0.0,
    0.0,
    0.0,
    0.0,
    0.0,
    0.0,
    0.0,
    0.0,
    0.0,
    0.0,
    0.0,
    0.0,
    0.0,
    0.0,
    0.0,
    0.0,
    0.0,
    0.0,
    0.0
  ],
  "answer_accuracy": [
    0.0,
    0.0,
    0.0,
    0.002,
    0.004,
    0.004,
    0.004,
    0.006,
    0.004,
    0.012,
    0.004,
    0.006,
    0.012,
    0.008,
    0.008,
    0.0,
    0.002,
    0.012,
    0.002,
    0.006,
    0.016,
    0.012,
    0.012,
    0.016,
    0.016,
    0.02,
    0.036,
    0.05,
    0.042,
    0.062,
    0.068,
    0.08,
    0.104,
    0.076,
    0.102,
    0.162,
    0.236,
    0.356,
    0.452,
    0.606,
    0.666,
    0.704,
    0.752,
    0.772,
    0.766,
    0.828,
    0.792,
    0.784,
    0.82,
    0.826
  ],
  "learning_rate": [
    0.0001,
    9.991120277927223e-05,
    9.964516155915151e-05,
    9.920292628279099e-05,
    9.85862422507884e-05,
    9.779754323328191e-05,
    9.683994186497131e-05,
    9.571721736097089e-05,
    9.443380060197386e-05,
    9.299475664759068e-05,
    9.140576474687264e-05,
    8.967309592491052e-05,
    8.780358823396352e-05,
    8.5804619766791e-05,
    8.368407953869104e-05,
    8.145033635316131e-05,
    7.911220577405486e-05,
    7.66789153345772e-05,
    7.416006812042828e-05,
    7.156560487081053e-05,
    6.890576474687264e-05,
    6.619104492241848e-05,
    6.343215915635763e-05,
    6.063999551039372e-05,
    5.7825573378819125e-05,
    5.5000000000000016e-05,
    5.217442662118091e-05,
    4.936000448960633e-05,
    4.6567840843642404e-05,
    4.380895507758155e-05,
    4.109423525312739e-05,
    3.843439512918952e-05,
    3.5839931879571745e-05,
    3.332108466542282e-05,
    3.0887794225945154e-05,
    2.8549663646838724e-05,
    2.6315920461308974e-05,
    2.4195380233209022e-05,
    2.2196411766036502e-05,
    2.03269040750895e-05,
    1.8594235253127378e-05,
    1.700524335240934e-05,
    1.5566199398026146e-05,
    1.4282782639029135e-05,
    1.3160058135028695e-05,
    1.2202456766718095e-05,
    1.1413757749211609e-05,
    1.0797073717209009e-05,
    1.0354838440848501e-05,
    1.0088797220727781e-05
  ]
}